aX,aY,aZ,gX,gY,gZ
0.189,-0.986,1.316,-50.964,-92.102,-59.631
0.203,-0.818,1.318,-55.359,-75.867,-36.377
0.202,-0.789,1.300,-51.331,-60.181,-15.198
0.204,-0.772,1.286,-50.842,-54.565,-9.216
0.214,-0.706,1.295,-50.049,-44.556,-7.019
0.215,-0.689,1.268,-42.480,-30.762,-12.695
0.218,-0.682,1.235,-34.607,-15.991,-9.949
0.241,-0.693,1.166,-31.738,-10.132,-6.592
0.249,-0.704,1.134,-30.396,-5.676,-2.869
0.260,-0.670,1.070,-33.875,-0.183,4.150
0.254,-0.622,1.043,-37.659,1.648,8.179
0.246,-0.574,1.003,-30.579,5.554,12.878
0.223,-0.526,0.939,-23.193,5.127,12.756
0.211,-0.517,0.919,-16.785,1.953,15.503
0.164,-0.493,0.897,-14.282,0.183,18.311
0.133,-0.468,0.918,-6.409,-0.488,14.465
0.084,-0.453,0.966,-4.028,-0.427,9.155
0.077,-0.461,0.969,-0.488,0.610,1.770
0.085,-0.458,0.938,2.991,3.357,2.319
0.090,-0.444,0.914,9.033,9.216,6.348
0.108,-0.437,0.877,9.705,10.254,6.226
0.123,-0.449,0.849,8.606,9.766,5.127
0.135,-0.457,0.822,8.728,7.141,4.517
0.139,-0.433,0.787,10.071,6.165,4.944
0.137,-0.432,0.780,7.874,2.258,4.944
0.130,-0.440,0.792,6.531,-0.183,3.662
0.127,-0.444,0.806,7.874,-2.380,2.502
0.121,-0.468,0.830,8.972,-3.052,1.892
0.117,-0.486,0.849,7.751,-6.409,0.122
0.098,-0.492,0.890,4.700,-8.118,-0.732
0.095,-0.487,0.912,1.465,-8.179,-1.038
0.109,-0.498,0.895,3.357,-4.639,0.732
0.113,-0.504,0.887,3.479,-5.188,2.197
0.108,-0.500,0.899,-2.319,-9.277,4.456
0.108,-0.476,0.935,-4.761,-8.606,5.249
0.117,-0.466,0.933,1.648,-1.282,8.606
0.147,-0.457,0.898,8.423,2.686,9.460
0.164,-0.461,0.872,18.677,6.470,7.935
0.187,-0.489,0.811,12.146,0.977,3.540
0.175,-0.487,0.854,-20.081,-16.296,-5.737
0.155,-0.475,0.929,-22.339,-16.235,-6.104
0.153,-0.497,0.925,-4.700,-6.714,0.427
0.142,-0.523,0.900,-2.258,-4.028,2.625
0.133,-0.507,0.903,-6.165,-2.991,3.174
0.125,-0.483,0.922,-15.625,-2.441,0.916
0.123,-0.480,0.917,-17.700,-3.479,-2.197
0.121,-0.478,0.913,-16.235,-7.874,-4.028
0.125,-0.476,0.914,-7.874,-7.507,-0.977
0.122,-0.484,0.913,12.817,-2.747,8.545
0.110,-0.474,0.880,17.761,-0.610,11.414
0.108,-0.456,0.871,10.071,0.061,10.742
0.099,-0.426,0.887,2.869,-0.977,7.385
0.094,-0.423,0.894,-4.333,0.000,1.221
0.105,-0.461,0.875,-3.357,1.709,0.793
0.110,-0.476,0.862,-1.343,2.197,3.052
0.109,-0.474,0.866,-2.014,0.671,3.479
0.104,-0.474,0.878,-1.221,-0.549,2.563
0.113,-0.496,0.883,3.540,0.366,-0.427
0.116,-0.503,0.875,4.395,1.038,0.549
0.117,-0.494,0.866,3.418,1.648,3.174
0.123,-0.474,0.848,2.502,1.282,3.357
0.128,-0.474,0.837,-0.305,-1.465,2.869
0.118,-0.464,0.863,-2.258,-2.747,2.197
0.115,-0.458,0.877,0.366,-1.282,2.136
0.127,-0.466,0.858,3.418,-0.122,2.136
0.134,-0.483,0.846,3.540,-4.822,0.061
0.121,-0.496,0.874,0.000,-8.728,-1.526
0.111,-0.491,0.904,-0.488,-8.972,-1.099
0.103,-0.490,0.932,2.686,-5.188,0.427
0.103,-0.483,0.922,2.991,-1.160,1.892
0.110,-0.475,0.894,-0.366,2.991,2.258
0.140,-0.476,0.846,-2.747,1.343,2.014
0.137,-0.473,0.859,-5.432,-4.822,-1.221
0.122,-0.466,0.895,-4.089,-5.554,-2.441
0.122,-0.473,0.888,-2.441,-3.662,0.000
0.119,-0.481,0.884,-3.601,-3.052,2.563
0.114,-0.477,0.896,-2.258,-1.343,4.883
0.112,-0.479,0.907,0.732,-0.305,4.883
0.111,-0.473,0.905,3.479,-0.610,2.014
0.109,-0.452,0.909,1.343,-0.977,0.549
0.111,-0.450,0.901,0.549,0.061,-0.122
0.116,-0.469,0.883,2.380,-0.122,0.000
0.113,-0.480,0.892,2.747,-0.977,0.305
0.105,-0.488,0.913,-1.953,-1.892,1.038
0.105,-0.491,0.914,-2.563,-1.221,0.671
0.107,-0.492,0.913,2.258,1.526,-0.305
0.112,-0.491,0.885,6.775,3.174,0.122
0.113,-0.485,0.865,3.845,3.723,1.526
0.123,-0.477,0.857,-2.075,2.136,1.160
0.126,-0.482,0.860,-5.127,-1.404,-0.366
0.125,-0.479,0.873,-2.747,-2.258,0.061
0.122,-0.471,0.872,4.089,-1.770,1.343
0.117,-0.476,0.867,4.761,-2.014,1.709
0.111,-0.477,0.877,1.770,-3.906,1.404
0.100,-0.468,0.904,2.258,-3.418,0.916
0.096,-0.464,0.905,4.578,-1.770,0.549
0.103,-0.466,0.889,4.944,1.404,0.000
0.112,-0.475,0.885,1.282,1.404,-0.305
0.118,-0.484,0.879,-4.272,-0.610,-0.854
0.119,-0.494,0.879,-4.272,-1.709,-1.160
0.118,-0.490,0.881,0.793,-2.380,-0.549
0.115,-0.480,0.882,2.258,-1.892,0.427
0.114,-0.477,0.877,0.732,-0.549,1.343
0.117,-0.474,0.874,-0.183,-0.244,0.916
0.118,-0.476,0.875,0.366,-0.427,-0.244
0.118,-0.486,0.876,-0.977,-1.221,-0.366
0.113,-0.490,0.886,-3.845,-3.418,-0.488
0.103,-0.489,0.901,-0.977,-2.808,-0.366
0.104,-0.487,0.898,3.052,0.732,0.061
0.116,-0.494,0.885,0.916,1.282,0.000
0.116,-0.490,0.886,-2.014,0.427,0.000
0.105,-0.480,0.901,-1.160,0.000,0.916
0.103,-0.483,0.903,3.662,1.221,0.793
0.109,-0.488,0.892,12.085,2.136,-0.549
0.128,-0.497,0.842,11.108,0.488,0.061
0.126,-0.497,0.855,-3.113,-3.967,3.479
0.112,-0.486,0.895,-6.104,-4.028,4.028
0.106,-0.481,0.893,-4.883,-2.625,2.197
0.098,-0.470,0.882,-5.432,-2.258,0.732

-0.154,-0.825,1.683,-19.897,99.731,66.650
-0.187,-0.841,1.697,-33.813,127.808,71.838
-0.207,-0.767,1.620,-40.222,144.104,76.477
-0.194,-0.675,1.515,-42.786,175.781,87.036
-0.149,-0.539,1.284,-41.260,187.195,89.905
-0.151,-0.516,1.220,-45.105,200.745,91.736
-0.173,-0.419,1.148,-51.147,207.275,91.675
-0.163,-0.352,1.080,-53.589,226.868,93.323
-0.110,-0.264,0.827,-47.058,237.488,94.727
-0.070,-0.238,0.700,-37.720,248.352,94.177
-0.014,-0.169,0.571,-36.743,249.939,93.140
-0.005,-0.142,0.524,-34.607,252.747,92.285
0.051,-0.145,0.380,-32.104,259.705,90.210
0.103,-0.150,0.292,-35.522,259.766,89.172
0.137,-0.132,0.215,-35.522,257.324,92.590
0.132,-0.043,0.177,-31.982,257.935,93.811
0.128,0.001,0.171,-28.992,263.123,91.431
0.162,0.032,0.044,-32.471,265.015,88.989
0.186,0.035,-0.047,-45.105,265.869,86.182
0.250,0.075,-0.243,-47.852,267.334,84.961
0.292,0.105,-0.341,-43.152,270.325,84.290
0.351,0.134,-0.504,-43.091,268.311,85.693
0.358,0.163,-0.566,-45.532,262.268,83.435
0.373,0.289,-0.635,-52.063,247.192,65.491
0.388,0.314,-0.691,-51.270,244.446,60.120
0.419,0.297,-0.768,-48.462,240.479,51.453
0.493,0.241,-0.910,-49.805,232.666,47.119
0.546,0.231,-0.964,-38.879,201.355,31.372
0.631,0.189,-0.971,-25.269,178.772,19.897
0.624,0.167,-0.892,-17.273,138.062,5.005
0.583,0.113,-0.728,-24.475,126.282,2.808
0.596,0.084,-0.719,-33.203,115.967,0.610
0.678,0.032,-0.805,-31.250,110.413,1.526
0.703,0.018,-0.795,-28.442,100.586,2.686
0.694,0.007,-0.645,-28.320,79.590,5.798
0.686,0.009,-0.616,-27.710,77.087,11.597
0.676,0.006,-0.614,-26.855,77.759,19.775
0.632,-0.028,-0.519,-29.480,76.538,19.043
0.599,-0.016,-0.470,-33.386,84.656,23.132
0.584,0.039,-0.539,-31.982,95.520,26.550
0.595,0.053,-0.644,-31.372,112.366,33.813
0.576,0.082,-0.886,-30.273,114.929,35.583
0.560,0.103,-0.990,-31.738,114.563,33.936
0.539,0.111,-1.201,-32.227,114.990,30.273
0.573,0.091,-1.324,-33.752,111.389,20.813
0.683,0.057,-1.578,-33.752,101.196,18.982
0.731,0.030,-1.632,-27.283,67.444,13.000
0.756,-0.076,-1.453,-22.339,48.889,9.460
0.709,-0.102,-1.294,-20.081,31.738,10.498
0.650,-0.098,-1.144,-25.940,7.019,20.203
0.573,-0.041,-0.904,-24.841,1.282,25.085
0.547,0.003,-0.826,-16.479,-4.089,31.067
0.481,0.072,-0.709,-11.658,-5.859,30.884
0.449,0.111,-0.672,-9.644,-3.113,26.978
0.419,0.193,-0.689,-13.123,2.869,22.217
0.430,0.197,-0.767,-14.160,16.724,8.240
0.496,0.118,-0.987,-11.841,18.799,3.235
0.531,0.081,-1.070,-8.179,6.470,-2.014
0.589,-0.014,-1.109,-7.202,-4.700,-2.441
0.608,-0.051,-1.119,-1.221,-24.231,5.310
0.583,-0.060,-1.106,5.981,-32.898,10.864
0.552,-0.037,-1.083,15.442,-46.448,13.489
0.563,0.052,-1.109,19.043,-50.354,12.268
0.586,0.073,-1.129,26.184,-54.932,12.085
0.559,0.072,-1.027,35.461,-71.899,13.855
0.551,0.074,-0.984,35.339,-78.369,13.611
0.574,0.070,-0.981,39.063,-83.374,6.958
0.624,0.044,-0.924,43.823,-87.402,1.648
0.622,0.036,-0.851,45.044,-97.046,-1.221
0.621,0.034,-0.741,42.175,-97.961,1.282
0.651,0.025,-0.749,45.593,-90.332,6.775
0.682,0.010,-0.815,50.293,-84.106,10.193
0.721,0.040,-0.918,58.716,-66.528,17.700
0.889,0.058,-1.231,67.200,-64.392,18.066
0.910,0.051,-1.279,67.932,-94.421,13.794
0.814,0.103,-1.104,56.580,-116.089,10.620
0.758,0.136,-0.988,46.509,-133.057,6.714
0.703,0.194,-0.826,37.659,-148.987,0.000
0.704,0.219,-0.771,41.138,-150.085,-1.282
0.706,0.233,-0.709,58.167,-150.024,1.770
0.683,0.277,-0.561,65.186,-151.489,3.967
0.669,0.310,-0.497,73.730,-152.527,6.409
0.637,0.392,-0.409,71.716,-150.146,4.333
0.639,0.405,-0.389,67.444,-141.785,-7.019
0.671,0.331,-0.406,69.580,-137.695,-14.832
0.696,0.264,-0.427,69.885,-137.329,-27.832
0.726,0.139,-0.402,69.336,-141.602,-28.870
0.708,0.136,-0.331,70.496,-147.095,-19.897
0.642,0.164,-0.148,72.266,-145.142,-18.372
0.620,0.178,-0.072,57.495,-135.803,-25.879
0.612,0.263,-0.021,46.875,-129.944,-30.884
0.639,0.297,-0.061,45.105,-124.634,-35.461
0.718,0.232,-0.188,71.106,-124.207,-37.170
0.716,0.183,-0.172,83.252,-130.249,-35.156
0.680,0.173,-0.092,76.721,-146.240,-36.133
0.597,0.157,0.107,72.327,-150.574,-40.100
0.569,0.127,0.212,62.988,-141.724,-52.368
0.528,0.133,0.360,49.805,-130.432,-57.983
0.518,0.178,0.398,17.639,-105.164,-72.144
0.608,0.233,0.249,16.541,-96.069,-76.355
0.646,0.198,0.146,47.424,-98.816,-73.914
0.691,0.043,0.089,64.514,-105.408,-73.303
0.684,-0.011,0.139,78.552,-120.544,-67.749
0.597,-0.027,0.242,74.585,-126.221,-66.772
0.524,-0.002,0.324,46.143,-136.108,-83.923
0.395,0.047,0.553,29.053,-135.071,-98.572
0.363,0.012,0.640,17.517,-127.075,-110.535
0.382,-0.079,0.621,2.441,-99.182,-118.469
0.435,-0.093,0.498,-2.014,-89.050,-116.272
0.480,-0.101,0.388,14.404,-96.497,-104.187
0.475,-0.097,0.400,34.180,-109.436,-100.220
0.438,-0.107,0.479,64.514,-130.371,-99.670
0.394,-0.175,0.623,69.519,-132.629,-102.173
0.386,-0.230,0.627,68.848,-123.535,-110.596
0.351,-0.324,0.621,57.251,-122.314,-114.990
0.320,-0.352,0.682,31.311,-124.756,-121.338
0.271,-0.411,0.855,28.137,-123.230,-119.324
0.252,-0.448,0.924,34.729,-113.892,-104.187
0.224,-0.520,0.945,38.025,-106.323,-95.032

0.309,-1.017,1.401,-2.502,11.597,12.268
0.264,-1.041,1.496,-16.785,23.437,29.968
0.153,-0.975,1.599,-18.921,35.156,41.382
0.103,-0.872,1.565,-21.912,60.181,58.777
0.021,-0.580,1.416,-24.292,69.458,63.660
-0.010,-0.436,1.354,-25.452,80.994,67.261
-0.049,-0.254,1.283,-21.973,85.693,63.660
-0.040,-0.253,1.254,-15.320,91.675,57.251
0.027,-0.353,1.145,-4.211,105.469,46.204
0.051,-0.388,1.115,-7.446,109.375,43.701
0.069,-0.404,1.102,-15.503,115.479,42.480
0.108,-0.435,1.063,-16.907,120.056,43.762
0.121,-0.448,1.040,-22.400,128.418,44.434
0.136,-0.426,1.000,-25.940,132.629,43.884
0.146,-0.410,0.973,-30.334,141.663,44.067
0.161,-0.344,0.936,-32.959,144.897,45.288
0.159,-0.313,0.922,-36.255,149.963,46.021
0.185,-0.268,0.901,-36.133,153.015,44.922
0.209,-0.245,0.874,-34.546,157.410,43.457
0.256,-0.262,0.805,-29.846,167.419,40.405
0.282,-0.281,0.774,-28.503,171.753,39.124
0.308,-0.284,0.735,-25.879,179.993,41.504
0.354,-0.268,0.606,-21.729,184.753,45.044
0.365,-0.250,0.547,-13.123,192.627,51.270
0.384,-0.190,0.434,-13.123,196.228,52.795
0.396,-0.163,0.373,-24.597,198.364,53.650
0.429,-0.131,0.290,-32.166,197.632,53.772
0.456,-0.101,0.259,-36.011,196.960,53.955
0.466,-0.074,0.215,-33.020,195.801,55.176
0.463,-0.081,0.201,-28.442,197.144,48.828
0.471,-0.104,0.155,-33.508,197.205,41.992
0.480,-0.094,0.116,-40.955,196.533,35.034
0.508,-0.079,0.021,-43.274,194.824,28.503
0.519,-0.099,0.009,-39.246,193.420,30.579
0.531,-0.140,-0.001,-35.400,193.115,37.048
0.593,-0.188,-0.117,-38.635,193.481,42.236
0.629,-0.172,-0.200,-42.969,192.932,56.152
0.700,-0.134,-0.394,-40.405,190.491,62.805
0.729,-0.108,-0.470,-34.485,175.964,70.923
0.738,-0.028,-0.504,-34.973,163.574,70.251
0.732,0.019,-0.465,-45.349,142.151,59.814
0.704,0.093,-0.428,-47.241,137.451,57.129
0.689,0.122,-0.422,-42.114,137.390,55.481
0.692,0.192,-0.460,-41.260,138.672,54.382
0.708,0.246,-0.531,-42.847,137.085,53.101
0.710,0.306,-0.583,-43.579,122.192,47.546
0.685,0.344,-0.575,-42.053,115.967,41.382
0.678,0.305,-0.560,-43.091,111.877,30.212
0.674,0.237,-0.551,-46.143,110.718,23.315
0.693,0.192,-0.587,-46.936,107.544,11.597
0.683,0.118,-0.593,-43.274,105.896,11.230
0.673,0.096,-0.582,-40.527,110.718,11.353
0.724,-0.019,-0.653,-39.246,114.441,10.193
0.755,-0.080,-0.715,-28.320,128.174,15.076
0.785,-0.147,-0.987,-23.621,138.367,22.766
0.833,-0.161,-1.221,-35.156,147.156,38.391
1.011,-0.125,-1.691,-42.480,133.362,42.419
1.065,-0.088,-1.779,-48.523,79.163,38.879
0.979,-0.028,-1.515,-42.236,51.147,37.354
0.862,-0.004,-1.288,-34.058,27.283,38.940
0.750,0.055,-1.098,-30.334,2.502,36.255
0.639,0.180,-0.791,-25.940,-1.038,31.494
0.617,0.200,-0.635,-8.484,-5.371,25.085
0.492,0.208,-0.371,-4.333,-5.005,25.085
0.444,0.229,-0.324,-10.071,14.099,16.174
0.467,0.266,-0.454,-11.658,26.794,7.629
0.517,0.217,-0.549,-7.141,41.321,-9.277
0.636,0.057,-0.746,-6.836,41.382,-14.832
0.646,0.005,-0.818,-18.188,36.987,-14.771
0.670,-0.084,-0.960,-26.367,36.682,-12.512
0.699,-0.120,-1.028,-29.114,28.564,-7.996
0.656,-0.102,-1.023,-24.902,20.203,-5.615
0.609,-0.035,-1.004,-16.602,7.202,-2.869
0.576,0.064,-1.013,-11.169,2.808,-2.563
0.571,0.083,-1.023,-5.920,-3.540,-0.916
0.560,0.112,-1.016,-0.427,-22.949,-2.075
0.563,0.135,-0.911,1.099,-32.532,-9.399
0.558,0.118,-0.834,5.005,-45.959,-21.667
0.560,0.087,-0.778,6.897,-45.837,-25.818
0.588,0.039,-0.815,11.475,-41.748,-31.921
0.630,-0.083,-0.921,10.742,-42.114,-33.020
0.667,-0.109,-0.999,5.676,-45.166,-26.367
0.792,-0.105,-1.178,5.554,-50.293,-21.484
0.807,-0.116,-1.201,15.930,-74.463,-14.465
0.765,-0.101,-1.114,20.264,-86.670,-14.099
0.743,-0.079,-1.046,24.292,-104.065,-14.709
0.676,-0.061,-0.903,23.743,-107.666,-12.329
0.657,-0.044,-0.872,17.212,-109.680,-10.925
0.652,0.054,-0.912,14.404,-113.464,-12.817
0.688,0.075,-0.935,22.156,-126.221,-14.038
0.750,0.038,-0.868,31.128,-129.395,-9.705
0.760,0.015,-0.824,36.011,-132.446,-5.737
0.756,-0.028,-0.735,27.588,-137.634,-9.521
0.727,-0.012,-0.637,-1.526,-142.517,-26.001
0.772,0.038,-0.574,-9.521,-138.916,-32.043
0.816,0.022,-0.619,-2.197,-138.428,-28.687
0.789,0.030,-0.593,42.725,-147.156,-5.920
0.759,0.038,-0.538,57.922,-151.245,-0.977
0.725,0.047,-0.500,54.138,-161.804,-2.075
0.662,0.081,-0.422,45.166,-165.710,-5.615
0.649,0.066,-0.371,35.767,-167.053,-20.935
0.685,-0.028,-0.309,30.701,-168.030,-27.893
0.722,-0.085,-0.317,25.269,-179.626,-21.667
0.700,-0.027,-0.242,28.442,-187.378,-8.240
0.650,0.064,-0.169,50.598,-196.838,11.597
0.548,0.098,0.022,65.247,-196.899,9.583
0.533,0.054,0.070,77.209,-187.683,-10.986
0.515,-0.001,0.033,69.519,-189.148,-19.348
0.470,0.016,0.055,54.871,-202.454,-27.710
0.409,0.095,0.154,55.298,-205.872,-30.090
0.405,0.096,0.182,69.336,-210.876,-38.818
0.376,-0.026,0.254,77.820,-214.172,-45.532
0.346,-0.112,0.305,80.994,-217.468,-54.260
0.308,-0.168,0.370,67.383,-222.290,-70.496
0.228,-0.200,0.541,60.730,-221.741,-73.059
0.212,-0.204,0.605,62.622,-209.900,-66.528
0.208,-0.257,0.575,68.848,-204.773,-62.073
0.191,-0.280,0.611,67.078,-204.590,-61.401
0.171,-0.301,0.789,61.035,-201.416,-60.852

0.549,-0.689,1.624,-0.732,8.301,-1.770
0.521,-0.756,1.703,6.897,28.381,19.775
0.403,-0.821,1.643,8.972,42.114,31.250
0.338,-0.809,1.569,-2.441,61.768,47.913
0.212,-0.729,1.524,-12.756,66.406,54.077
0.157,-0.669,1.548,-28.870,78.003,65.247
0.061,-0.511,1.560,-33.630,87.463,69.763
-0.005,-0.445,1.572,-37.292,97.412,71.533
-0.083,-0.430,1.602,-43.030,115.356,65.430
-0.243,-0.506,1.756,-47.302,123.779,62.622
-0.297,-0.508,1.864,-52.368,153.687,65.125
-0.288,-0.416,1.863,-49.927,180.908,67.688
-0.260,-0.353,1.672,-55.115,237.671,66.895
-0.213,-0.246,1.194,-62.134,255.798,63.049
-0.189,-0.209,1.014,-67.017,275.330,54.260
-0.154,-0.154,0.830,-69.092,276.794,50.537
-0.132,-0.108,0.785,-69.763,276.917,43.518
-0.060,-0.039,0.628,-58.899,281.738,39.978
-0.014,-0.041,0.559,-35.339,295.105,36.499
0.019,-0.037,0.460,-34.546,301.331,34.302
0.015,-0.016,0.421,-45.898,316.101,25.452
0.051,0.021,0.253,-47.668,323.608,20.264
0.108,0.001,0.090,-42.786,326.965,17.090
0.152,-0.033,-0.081,-23.315,312.073,24.170
0.151,-0.001,-0.168,-17.456,298.706,30.273
0.099,0.034,-0.085,-26.123,285.645,30.273
0.040,0.120,-0.021,-36.865,291.992,23.437
0.061,0.140,-0.161,-36.377,314.087,10.559
0.107,0.151,-0.514,-29.175,318.726,7.385
0.131,0.150,-0.654,-21.851,310.547,5.737
0.140,0.187,-0.836,-22.644,302.429,5.981
0.142,0.198,-0.895,-21.545,295.898,2.380
0.206,0.098,-1.005,-22.095,300.171,1.038
0.213,0.015,-1.058,-27.771,308.777,4.028
0.183,-0.052,-1.150,-60.242,334.412,17.212
0.158,-0.162,-1.629,-76.233,339.966,20.935
0.213,-0.204,-1.957,-96.985,287.903,33.936
0.255,-0.087,-2.125,-103.760,239.807,40.894
0.240,-0.019,-1.969,-89.355,166.260,36.804
0.165,0.006,-1.551,-72.144,148.071,30.823
0.155,0.027,-1.384,-64.697,130.310,10.376
0.259,0.083,-1.134,-71.777,119.812,-2.136
0.311,0.091,-1.050,-72.937,83.679,-14.465
0.329,0.089,-0.904,-67.444,67.993,-15.869
0.298,0.084,-0.828,-56.885,54.749,-15.015
0.203,-0.019,-0.724,-52.368,55.969,-15.320
0.178,-0.110,-0.762,-47.363,62.073,-16.907
0.200,-0.267,-1.018,-40.771,71.777,-23.499
0.226,-0.318,-1.156,-37.415,67.200,-23.499
0.252,-0.367,-1.270,-24.780,46.021,-14.771
0.293,-0.435,-1.458,-19.653,30.823,-5.676
0.279,-0.422,-1.499,-5.310,-8.850,20.203
0.189,-0.333,-1.356,1.404,-26.794,29.968
0.166,-0.274,-1.244,8.362,-45.410,36.804
0.213,-0.172,-1.092,11.108,-50.293,35.400
0.254,-0.152,-1.052,20.874,-63.232,32.288
0.281,-0.147,-1.013,25.269,-70.557,31.616
0.276,-0.128,-1.027,32.654,-79.285,27.893
0.265,-0.097,-1.110,38.208,-80.200,23.804
0.260,-0.094,-1.169,45.227,-78.552,13.977
0.318,-0.140,-1.311,45.776,-80.933,8.179
0.364,-0.180,-1.345,43.274,-99.915,0.977
0.442,-0.262,-1.266,44.189,-110.901,0.732
0.442,-0.286,-1.162,47.363,-119.202,2.258
0.436,-0.280,-0.946,44.922,-123.779,3.967
0.463,-0.259,-0.904,40.466,-120.483,3.723
0.490,-0.242,-0.891,43.640,-111.755,1.953
0.530,-0.234,-0.870,48.401,-107.727,0.061
0.538,-0.218,-0.853,45.471,-98.572,-0.916
0.520,-0.056,-0.925,40.161,-91.858,-2.197
0.527,0.002,-1.018,54.260,-81.909,-13.672
0.574,-0.016,-1.141,68.909,-84.839,-18.311
0.585,-0.035,-1.136,80.811,-105.835,-18.799
0.537,0.033,-0.981,73.303,-117.981,-20.203
0.522,0.084,-0.913,54.321,-132.141,-31.128
0.506,0.165,-0.792,55.054,-130.981,-37.231
0.505,0.172,-0.721,60.608,-127.625,-45.349
0.530,0.144,-0.561,56.030,-126.831,-65.918
0.573,0.131,-0.556,48.645,-127.502,-71.716
0.623,0.110,-0.595,57.617,-130.493,-68.115
0.655,0.059,-0.613,65.186,-137.146,-62.622
0.646,0.058,-0.600,62.134,-158.447,-53.284
0.571,0.112,-0.463,58.228,-168.335,-52.612
0.528,0.117,-0.322,56.213,-173.157,-62.561
0.510,0.070,-0.053,56.519,-164.246,-70.129
0.534,0.017,-0.010,44.678,-141.724,-84.106
0.599,-0.042,-0.068,32.227,-134.827,-87.708
0.627,-0.040,-0.120,26.001,-126.465,-86.182
0.661,-0.042,-0.245,35.217,-126.038,-84.045
0.657,-0.063,-0.266,46.082,-142.578,-80.811
0.608,-0.064,-0.141,45.044,-154.358,-79.346
0.568,-0.039,-0.018,49.316,-161.560,-79.224
0.504,0.001,0.192,45.654,-158.630,-80.627
0.482,0.038,0.222,33.569,-154.602,-83.191
0.477,0.050,0.230,16.418,-144.104,-98.389
0.495,-0.061,0.287,15.381,-140.259,-106.262
0.490,-0.095,0.332,4.456,-142.761,-110.962
0.507,-0.139,0.472,3.296,-144.592,-112.183
0.528,-0.185,0.537,20.569,-133.423,-110.596
0.529,-0.259,0.615,18.860,-126.770,-107.666
0.506,-0.224,0.646,-17.517,-124.207,-104.675
0.493,-0.166,0.644,-20.630,-119.995,-107.849
0.514,-0.275,0.631,11.719,-107.056,-117.310
0.514,-0.483,0.655,17.944,-102.478,-114.258
0.487,-0.472,0.631,5.859,-89.661,-100.647
0.416,-0.400,0.473,-0.427,-82.886,-98.511
0.419,-0.432,0.379,-4.639,-72.083,-103.943
0.532,-0.606,0.223,-10.132,-72.327,-105.469
0.564,-0.681,0.195,-21.057,-78.613,-102.905
0.576,-0.745,0.205,-42.603,-100.159,-89.355
0.579,-0.915,0.287,-46.692,-111.633,-80.322
0.549,-0.958,0.352,-47.485,-131.714,-55.542
0.446,-0.932,0.626,-46.143,-136.108,-45.044
0.425,-0.897,0.784,-59.998,-132.385,-32.959
0.427,-0.733,0.967,-74.219,-126.770,-31.372
0.436,-0.628,0.942,-64.026,-99.792,-37.109
0.493,-0.625,0.717,-42.358,-86.121,-43.213
0.519,-0.715,0.661,-26.917,-87.219,-49.438
0.506,-0.850,0.710,-31.128,-95.032,-46.570

0.496,-0.270,-1.845,-78.613,137.024,34.058
0.468,-0.155,-1.663,-54.138,64.819,46.936
0.367,-0.072,-1.312,-40.344,41.016,45.166
0.329,-0.057,-1.201,-24.536,17.700,38.757
0.324,-0.037,-0.956,-24.658,12.146,34.668
0.332,-0.025,-0.847,-32.104,7.202,30.396
0.329,0.025,-0.779,-32.959,7.263,27.344
0.329,0.027,-0.784,-30.090,7.996,21.484
0.394,-0.056,-0.872,-16.113,10.559,7.629
0.436,-0.146,-0.940,-7.263,8.728,4.272
0.460,-0.231,-0.999,4.883,-1.770,10.193
0.448,-0.297,-1.102,8.057,-6.775,17.334
0.459,-0.293,-1.140,7.202,-19.714,29.419
0.497,-0.252,-1.186,6.836,-28.809,34.790
0.488,-0.200,-1.173,15.076,-46.875,43.823
0.448,-0.089,-1.116,20.447,-54.016,44.189
0.441,-0.064,-1.105,27.405,-64.087,38.025
0.445,-0.052,-1.093,29.663,-68.542,34.058
0.445,-0.043,-1.084,31.982,-76.538,26.611
0.465,-0.057,-1.085,34.546,-77.820,22.217
0.490,-0.108,-1.094,37.903,-78.247,17.944
0.529,-0.164,-1.127,40.222,-80.505,15.930
0.628,-0.211,-1.247,40.649,-84.534,19.043
0.640,-0.181,-1.287,44.495,-103.027,28.870
0.613,-0.129,-1.273,47.119,-116.516,31.128
0.594,-0.107,-1.198,49.622,-143.616,30.640
0.565,-0.023,-0.988,50.781,-152.466,28.748
0.558,0.037,-0.879,50.415,-159.790,20.203
0.568,0.201,-0.694,48.157,-158.997,14.282
0.565,0.283,-0.648,44.983,-147.034,-3.418
0.565,0.352,-0.646,44.434,-138.916,-16.052
0.570,0.329,-0.663,43.518,-132.935,-29.602
0.595,0.260,-0.689,45.471,-132.629,-51.392
0.684,0.051,-0.718,51.208,-138.245,-53.772
0.705,-0.003,-0.679,65.063,-157.471,-39.917
0.644,0.031,-0.481,64.453,-170.044,-34.180
0.616,0.060,-0.385,58.655,-181.274,-38.269
0.610,0.055,-0.263,61.157,-177.490,-44.189
0.612,0.038,-0.204,56.274,-170.288,-59.082
0.615,0.019,-0.067,47.607,-166.504,-66.711
0.630,0.008,-0.035,41.321,-148.010,-75.317
0.668,-0.031,-0.134,42.725,-142.273,-76.233
0.670,-0.063,-0.165,49.072,-152.283,-74.219
0.659,-0.123,-0.092,57.373,-157.104,-71.350
0.642,-0.139,-0.023,63.232,-159.790,-68.909
0.617,-0.124,0.064,54.443,-161.804,-69.885
0.585,-0.075,0.195,50.781,-156.738,-72.205
0.569,-0.079,0.217,42.358,-144.714,-76.416
0.516,-0.039,0.300,28.992,-145.447,-78.857
0.493,0.012,0.311,22.339,-145.569,-84.900
0.457,0.044,0.392,33.081,-144.958,-91.125
0.455,0.018,0.503,55.908,-133.667,-106.201
0.496,-0.087,0.502,65.979,-116.943,-112.549
0.509,-0.153,0.364,63.293,-92.834,-118.469
0.438,-0.213,0.223,45.288,-101.807,-118.347
0.407,-0.239,0.340,29.663,-119.812,-118.286
0.399,-0.287,0.522,31.128,-139.160,-111.450
0.367,-0.221,0.771,34.912,-134.766,-103.455
0.321,-0.134,0.800,41.199,-111.572,-100.891
0.258,-0.218,0.795,39.001,-100.708,-109.131
0.267,-0.347,0.778,12.207,-88.440,-122.559
0.405,-0.526,0.707,4.089,-81.726,-122.375
0.494,-0.591,0.644,11.353,-66.772,-109.863
0.574,-0.733,0.498,8.972,-65.125,-102.722
0.590,-0.804,0.466,-18.372,-76.965,-88.867
0.559,-0.857,0.502,-26.306,-83.252,-79.041
0.520,-0.904,0.546,-24.780,-90.393,-57.922
0.461,-0.906,0.667,-31.128,-94.360,-46.143
0.454,-0.812,0.725,-41.260,-97.778,-35.217
0.444,-0.722,0.768,-50.720,-95.337,-25.940
0.436,-0.612,0.814,-52.063,-91.003,-28.381
0.462,-0.604,0.798,-42.175,-79.407,-38.635
0.478,-0.642,0.703,-32.715,-75.562,-41.626
0.471,-0.678,0.670,-25.452,-80.994,-42.480
0.469,-0.702,0.704,-26.001,-84.839,-40.649
0.475,-0.721,0.720,-23.560,-83.618,-37.170
0.484,-0.814,0.767,-24.963,-82.886,-36.133
0.481,-0.886,0.822,-28.870,-86.182,-30.273
0.450,-1.005,1.005,-29.602,-86.792,-24.170
0.427,-1.025,1.075,-29.175,-77.698,-7.935
0.384,-0.949,1.066,-29.846,-71.045,0.671
0.375,-0.870,1.025,-31.494,-65.613,8.179
0.355,-0.657,0.995,-36.621,-59.692,17.700
0.338,-0.549,1.018,-39.612,-57.556,18.494
0.334,-0.457,1.027,-39.307,-47.058,8.362
0.362,-0.466,0.969,-33.325,-41.321,-1.770
0.383,-0.578,0.970,-24.231,-35.889,-17.334
0.400,-0.789,1.018,-21.118,-33.447,-18.311
0.399,-0.844,1.014,-12.512,-25.818,-8.728
0.384,-0.875,1.088,-6.958,-24.170,-0.244
0.374,-0.858,1.216,12.390,-13.000,16.357
0.357,-0.829,1.408,18.677,0.244,23.010
0.339,-0.776,1.421,-0.366,27.832,31.738
0.320,-0.564,1.231,-13.245,40.710,30.029
0.330,-0.471,1.030,-7.019,60.486,12.634
0.408,-0.532,0.750,4.272,58.838,2.197
0.442,-0.610,0.751,9.216,49.622,-3.723
0.448,-0.653,0.799,5.005,31.555,-0.061
0.408,-0.637,0.853,3.357,29.358,4.944
0.386,-0.592,0.837,-1.709,31.128,11.597
0.367,-0.532,0.743,-5.615,31.494,12.207
0.364,-0.511,0.709,-16.541,24.292,13.733
0.371,-0.430,0.698,-16.846,21.667,14.404
0.388,-0.415,0.673,-11.902,22.034,13.977
0.398,-0.413,0.645,-9.827,18.555,11.902
0.390,-0.395,0.658,-14.526,13.733,11.414
0.377,-0.366,0.674,-19.531,7.996,9.155
0.375,-0.338,0.663,-20.081,6.409,6.042
0.389,-0.357,0.637,-16.541,1.099,0.488
0.411,-0.419,0.615,-13.672,-3.662,-0.183
0.412,-0.437,0.639,-6.104,-11.597,2.136
0.396,-0.453,0.713,-1.038,-12.451,3.784
0.386,-0.456,0.745,-0.488,-10.925,4.761
0.373,-0.435,0.768,-8.606,-11.047,4.211
0.371,-0.415,0.753,-17.090,-10.864,3.113
0.375,-0.425,0.753,-19.531,-9.216,0.427
0.377,-0.440,0.777,-15.320,-8.606,0.000
0.378,-0.445,0.797,-6.897,-6.958,1.221
0.375,-0.437,0.756,-4.639,-8.545,0.977

0.363,-0.771,1.472,-17.456,58.838,30.823
0.338,-0.772,1.530,-18.799,74.524,43.152
0.307,-0.706,1.584,-18.616,85.144,50.232
0.292,-0.658,1.553,-22.400,112.976,58.716
0.266,-0.588,1.455,-25.818,127.197,59.631
0.256,-0.562,1.415,-29.724,151.672,60.486
0.255,-0.513,1.341,-29.175,162.170,60.913
0.263,-0.503,1.298,-27.283,171.631,61.096
0.293,-0.489,1.214,-20.935,187.073,63.232
0.284,-0.483,1.167,-17.334,194.458,65.308
0.259,-0.489,1.144,-17.517,205.261,68.176
0.222,-0.469,1.184,-20.508,210.937,69.519
0.218,-0.428,1.175,-19.165,234.375,73.303
0.198,-0.346,0.978,-16.479,248.657,75.012
0.191,-0.292,0.856,-15.564,267.090,78.064
0.168,-0.184,0.591,-9.033,273.743,80.444
0.148,-0.141,0.467,3.723,282.471,82.336
0.102,-0.040,0.272,2.869,283.752,80.444
0.090,0.006,0.187,-1.465,282.166,72.327
0.074,0.049,0.075,0.000,281.372,67.749
0.062,0.067,0.032,-0.671,280.457,63.477
0.053,0.089,-0.043,-4.150,280.396,56.335
0.086,0.141,-0.283,-0.305,279.480,53.772
0.106,0.179,-0.396,18.982,271.240,49.683
0.167,0.209,-0.618,28.687,266.296,46.753
0.204,0.217,-0.750,29.358,249.023,40.222
0.253,0.236,-0.918,20.874,235.107,35.339
0.279,0.245,-0.935,5.432,210.327,23.071
0.310,0.236,-0.972,2.991,201.538,18.066
0.319,0.229,-0.985,1.587,193.481,13.672
0.343,0.209,-1.013,-1.892,174.377,5.127
0.397,0.168,-1.044,-2.563,162.903,2.319
0.409,0.149,-1.033,0.854,144.165,-1.038
0.465,0.090,-1.034,1.404,135.864,-1.099
0.494,0.082,-1.049,-0.305,119.568,1.282
0.550,0.042,-1.122,-0.122,110.718,1.953
0.572,0.005,-1.131,-1.526,92.468,4.517
0.578,-0.066,-1.118,-2.747,86.365,7.629
0.589,-0.089,-1.110,-13.672,76.660,15.259
0.609,-0.071,-1.123,-21.240,72.205,18.982
0.600,-0.055,-1.165,-19.409,62.012,26.306
0.582,-0.041,-1.170,-11.108,55.786,28.992
0.580,-0.042,-1.126,-5.005,49.072,30.701
0.550,-0.019,-1.029,-12.085,33.936,32.776
0.536,0.000,-1.004,-14.832,28.870,34.607
0.526,0.015,-0.996,-10.925,21.484,40.588
0.497,0.091,-0.971,-9.155,16.846,42.969
0.472,0.144,-0.954,-6.226,10.315,39.734
0.469,0.186,-0.914,-6.775,7.385,33.142
0.477,0.176,-0.867,-6.348,1.282,21.790
0.485,0.157,-0.796,-4.028,1.099,18.250
0.491,0.136,-0.854,1.831,2.991,13.367
0.498,0.087,-1.032,4.761,1.221,13.184
0.492,0.087,-1.109,7.935,-8.728,14.526
0.494,0.100,-1.252,11.658,-16.052,13.916
0.515,0.079,-1.327,21.301,-35.217,10.559
0.553,0.028,-1.323,22.644,-49.438,9.277
0.563,0.020,-1.247,20.935,-64.331,8.789
0.576,0.020,-1.155,13.000,-87.891,7.446
0.569,0.040,-0.948,8.728,-96.008,6.775
0.567,0.053,-0.865,3.174,-104.248,4.944
0.580,0.087,-0.799,4.517,-105.225,4.639
0.605,0.096,-0.807,19.897,-100.403,4.028
0.663,0.142,-0.858,29.297,-94.788,3.723
0.700,0.156,-0.959,45.776,-82.642,0.000
0.749,0.141,-1.102,45.532,-85.754,-3.784
0.750,0.134,-1.090,32.410,-106.201,-12.390
0.751,0.077,-1.004,27.222,-116.394,-14.343
0.732,0.084,-0.928,22.644,-126.892,-13.428
0.663,0.175,-0.691,15.808,-144.104,-12.390
0.653,0.219,-0.566,15.869,-144.592,-15.564
0.672,0.262,-0.480,25.452,-127.991,-26.428
0.707,0.312,-0.531,31.372,-116.760,-35.400
0.716,0.284,-0.593,25.818,-116.577,-59.326
0.742,0.148,-0.569,19.775,-126.038,-66.406
0.745,0.092,-0.487,20.996,-141.724,-63.110
0.729,0.061,-0.343,28.992,-141.479,-58.228
0.727,0.065,-0.317,49.377,-130.310,-56.274
0.721,0.058,-0.323,54.016,-125.061,-58.777
0.716,0.054,-0.301,42.969,-122.864,-67.017
0.722,0.065,-0.287,34.668,-121.033,-70.984
0.719,0.057,-0.323,28.503,-119.263,-77.026
0.684,0.042,-0.339,28.625,-124.451,-78.918
0.659,0.020,-0.286,31.494,-131.775,-80.261
0.605,-0.062,-0.042,34.668,-145.264,-80.261
0.572,-0.042,0.073,24.658,-150.024,-78.613
0.525,0.036,0.196,18.005,-145.081,-78.369
0.502,0.030,0.230,29.846,-136.292,-80.872
0.476,-0.014,0.273,44.128,-120.911,-89.661
0.419,-0.077,0.357,31.555,-118.713,-94.360
0.407,-0.081,0.354,9.460,-116.455,-100.281
0.417,-0.163,0.348,11.414,-115.479,-100.769
0.444,-0.212,0.369,17.700,-113.586,-97.778
0.540,-0.250,0.331,20.569,-108.521,-94.666
0.578,-0.256,0.227,27.771,-96.924,-89.416
0.601,-0.328,0.071,24.414,-98.816,-89.050
0.604,-0.375,0.026,10.437,-110.352,-84.717
0.546,-0.458,0.016,5.249,-119.202,-78.674
0.490,-0.441,0.143,-15.137,-142.273,-65.369
0.437,-0.356,0.417,-19.226,-145.508,-63.477
0.462,-0.366,0.463,-2.197,-134.155,-65.186
0.528,-0.385,0.363,9.277,-125.671,-65.063
0.551,-0.425,0.261,15.930,-120.483,-66.345
0.571,-0.535,0.239,11.047,-130.554,-69.336
0.551,-0.593,0.300,10.193,-139.465,-67.627
0.490,-0.644,0.413,5.005,-157.166,-58.594
0.346,-0.625,0.754,-5.798,-164.307,-54.504
0.340,-0.610,0.883,-6.836,-152.954,-51.453
0.352,-0.625,0.901,-1.282,-140.076,-50.293
0.322,-0.615,0.934,-6.653,-131.470,-47.974
0.278,-0.608,1.111,-6.714,-127.319,-47.546
0.263,-0.600,1.151,-1.343,-108.643,-48.401
0.300,-0.560,1.071,1.221,-97.717,-51.697
0.352,-0.593,0.988,9.888,-81.055,-57.983
0.408,-0.714,0.886,15.442,-77.148,-57.922
0.405,-0.822,0.918,7.141,-82.214,-53.833
0.390,-0.911,1.128,-6.470,-86.060,-47.729
0.386,-0.879,1.171,-9.888,-71.228,-34.607
0.404,-0.826,1.072,-5.676,-58.838,-31.433

0.165,-0.845,1.575,-37.720,41.748,44.800
0.136,-0.791,1.612,-41.504,71.899,54.321
0.090,-0.698,1.541,-44.006,89.233,55.908
0.077,-0.666,1.486,-49.622,114.929,54.871
0.074,-0.628,1.428,-48.889,126.038,54.382
0.081,-0.603,1.384,-43.762,150.513,55.603
0.111,-0.557,1.193,-41.748,161.255,56.274
0.125,-0.534,1.087,-39.368,169.800,57.007
0.126,-0.524,1.010,-34.790,180.542,58.289
0.122,-0.503,0.988,-35.339,183.655,58.655
0.123,-0.488,0.967,-31.372,197.083,59.753
0.142,-0.468,0.844,-30.212,203.064,60.120
0.165,-0.434,0.783,-29.419,211.975,62.195
0.184,-0.367,0.639,-27.893,216.309,63.171
0.184,-0.342,0.595,-32.471,216.858,62.683
0.198,-0.284,0.594,-34.119,216.797,62.073
0.217,-0.249,0.566,-26.367,226.318,61.646
0.262,-0.178,0.383,-22.522,229.736,61.279
0.298,-0.148,0.300,-10.254,231.201,60.852
0.366,-0.087,0.201,-1.831,231.934,61.707
0.384,-0.051,0.161,2.319,231.934,62.073
0.389,-0.018,0.116,-1.831,229.004,59.021
0.401,0.039,0.046,-7.446,226.440,55.542
0.412,0.065,0.002,-11.292,227.966,46.997
0.457,0.071,-0.161,-9.094,231.384,43.274
0.488,0.065,-0.272,-6.836,228.149,39.124
0.557,0.069,-0.438,-6.165,220.093,37.842
0.584,0.071,-0.475,0.122,202.270,36.682
0.606,0.055,-0.495,2.197,193.726,37.659
0.600,0.064,-0.494,1.709,186.096,38.757
0.581,0.080,-0.498,-1.038,176.575,37.048
0.548,0.115,-0.556,-1.465,173.889,34.180
0.550,0.127,-0.609,4.517,170.837,26.855
0.601,0.112,-0.778,8.423,167.297,23.926
0.623,0.102,-0.850,10.254,150.513,21.973
0.637,0.119,-0.885,9.766,142.151,21.790
0.647,0.125,-0.924,7.446,129.700,17.578
0.710,0.104,-1.011,6.836,122.559,14.038
0.729,0.086,-1.023,6.714,114.990,10.681
0.752,0.080,-1.091,0.366,103.210,3.601
0.761,0.064,-1.226,-1.648,101.501,-0.732
0.782,0.023,-1.430,3.235,87.463,-8.484
0.848,-0.082,-1.724,8.911,64.697,-9.155
0.844,-0.108,-1.651,16.846,4.272,-3.235
0.766,-0.095,-1.176,15.503,-19.775,0.122
0.731,-0.061,-0.921,6.836,-44.800,4.761
0.692,0.060,-0.502,1.526,-48.584,7.019
0.662,0.129,-0.344,1.221,-41.138,11.536
0.605,0.216,-0.153,6.775,-29.785,11.292
0.592,0.228,-0.167,16.846,2.808,4.211
0.618,0.189,-0.461,16.724,17.578,-1.648
0.652,0.125,-0.687,15.137,26.245,-6.714
0.689,0.049,-0.870,14.771,20.691,-6.958
0.734,-0.025,-1.032,14.465,11.414,-2.441
0.738,-0.031,-1.082,12.329,-6.470,7.141
0.755,0.008,-1.170,9.644,-16.663,11.230
0.767,0.062,-1.196,11.780,-38.757,19.165
0.785,0.154,-1.202,15.991,-48.950,20.508
0.786,0.176,-1.167,13.489,-70.190,16.968
0.788,0.188,-1.055,9.033,-80.078,13.733
0.781,0.194,-0.976,0.488,-97.351,5.737
0.782,0.208,-0.763,-4.700,-103.027,0.427
0.797,0.209,-0.694,-5.249,-99.365,-10.742
0.830,0.209,-0.669,-3.540,-93.262,-17.212
0.844,0.220,-0.667,-3.723,-87.036,-24.780
0.883,0.181,-0.771,1.038,-74.280,-40.527
0.909,0.119,-0.861,7.690,-73.608,-45.471
0.917,0.064,-0.900,20.386,-89.966,-43.701
0.866,0.012,-0.742,21.973,-101.196,-41.565
0.836,0.012,-0.620,13.611,-112.183,-44.678
0.800,0.032,-0.440,10.559,-109.680,-48.523
0.791,0.041,-0.401,6.714,-99.854,-60.059
0.781,0.040,-0.333,2.441,-97.656,-67.566
0.779,0.038,-0.298,1.282,-97.290,-76.843
0.766,0.014,-0.311,7.263,-100.525,-76.599
0.748,-0.001,-0.314,24.963,-119.507,-69.824
0.711,-0.027,-0.191,33.997,-129.395,-66.101
0.687,-0.022,-0.112,47.546,-133.545,-61.218
0.651,-0.007,0.001,48.645,-129.639,-62.805
0.638,0.006,0.027,29.419,-123.291,-70.618
0.598,0.050,0.046,19.104,-121.460,-74.280
0.578,0.064,0.055,14.648,-119.812,-78.064
0.563,0.060,0.054,16.602,-120.605,-85.999
0.555,0.005,0.107,22.400,-121.643,-88.501
0.563,-0.023,0.148,39.368,-112.671,-92.407
0.559,-0.081,0.102,39.673,-106.079,-97.595
0.561,-0.133,0.059,26.367,-104.004,-109.131
0.572,-0.207,0.007,24.841,-105.591,-110.352
0.578,-0.222,-0.010,38.086,-104.431,-110.779
0.604,-0.310,-0.047,46.753,-102.844,-111.877
0.596,-0.355,-0.046,48.584,-105.835,-110.291
0.489,-0.423,0.050,39.063,-112.610,-108.704
0.425,-0.468,0.178,4.395,-137.329,-106.567
0.374,-0.507,0.489,-6.287,-142.334,-104.126
0.382,-0.523,0.560,8.972,-123.962,-98.511
0.413,-0.493,0.547,20.447,-109.436,-96.680
0.437,-0.473,0.473,30.518,-94.849,-97.046
0.436,-0.545,0.276,46.387,-72.571,-103.027
0.387,-0.633,0.276,40.222,-72.876,-106.262
0.341,-0.720,0.364,-0.732,-94.177,-106.262
0.286,-0.823,0.620,-17.883,-103.821,-100.464
0.266,-0.817,0.752,-28.442,-108.826,-81.665
0.247,-0.731,0.918,-23.743,-100.403,-73.181
0.244,-0.678,0.896,-13.306,-70.129,-64.148
0.235,-0.659,0.777,-17.090,-59.082,-64.087
0.244,-0.670,0.751,-37.842,-50.659,-69.275
0.336,-0.727,0.667,-35.706,-44.678,-72.815
0.400,-0.803,0.580,-11.963,-31.921,-74.158
0.473,-0.948,0.383,-5.432,-30.579,-71.289
0.486,-1.013,0.300,-5.859,-38.757,-61.157
0.492,-1.102,0.259,-13.306,-49.072,-53.772
0.480,-1.093,0.338,-34.302,-75.073,-36.194
0.406,-0.973,0.580,-43.457,-84.778,-28.137
0.356,-0.895,0.704,-51.025,-90.759,-18.127
0.268,-0.801,0.865,-47.119,-84.717,-15.869
0.219,-0.764,0.913,-39.856,-69.092,-17.944
0.167,-0.741,1.009,-38.147,-62.744,-24.597
0.183,-0.784,1.048,-33.936,-55.420,-32.898
0.244,-0.960,1.068,-15.808,-37.415,-42.114

0.507,-0.804,1.349,2.197,34.485,29.358
0.503,-0.861,1.377,20.935,54.749,37.598
0.482,-0.915,1.368,23.132,64.392,44.250
0.457,-0.912,1.353,14.526,75.989,57.556
0.363,-0.903,1.417,8.118,77.820,64.514
0.301,-0.877,1.522,-2.502,80.811,81.543
0.192,-0.693,1.731,-3.052,90.393,90.027
0.161,-0.589,1.714,0.427,108.948,95.703
0.139,-0.509,1.596,-0.122,152.588,99.365
0.091,-0.361,1.232,-6.348,166.504,99.487
0.075,-0.325,1.102,-10.315,173.828,96.436
0.026,-0.366,1.093,-10.681,171.692,95.886
-0.011,-0.369,1.159,-18.921,180.481,98.206
-0.052,-0.288,1.145,-21.362,194.458,99.487
-0.066,-0.224,1.029,-25.024,225.281,98.572
-0.074,-0.142,0.775,-25.940,236.023,94.971
-0.061,-0.119,0.691,-23.682,251.282,88.745
-0.033,-0.056,0.515,-20.630,257.568,87.097
-0.014,-0.022,0.406,-14.893,257.629,83.252
0.011,0.017,0.328,-9.888,256.348,81.665
0.005,0.024,0.322,-2.747,259.766,80.322
-0.011,0.040,0.297,4.578,276.367,75.806
-0.037,0.077,0.125,1.892,284.790,70.923
-0.037,0.100,-0.003,-7.629,293.701,61.340
-0.018,0.224,-0.272,-9.338,296.753,57.251
0.021,0.292,-0.453,3.723,299.805,46.692
0.141,0.327,-0.890,15.808,294.617,42.297
0.205,0.313,-1.075,22.644,269.043,37.415
0.295,0.301,-1.242,15.442,247.681,36.011
0.321,0.303,-1.191,-2.075,206.177,31.067
0.374,0.285,-1.170,-8.484,191.467,29.114
0.382,0.293,-1.177,-12.756,177.734,28.198
0.373,0.332,-1.166,-15.442,154.541,22.400
0.401,0.364,-1.209,-10.864,145.752,14.404
0.455,0.307,-1.228,1.709,128.662,-1.587
0.544,0.201,-1.229,5.310,121.765,-5.005
0.565,0.180,-1.226,5.554,110.107,-9.888
0.601,0.088,-1.120,0.610,104.980,-13.977
0.629,-0.005,-1.067,-26.306,98.389,-15.259
0.635,-0.109,-1.069,-41.443,97.900,-8.972
0.637,-0.102,-1.145,-51.941,100.342,8.362
0.642,0.040,-1.445,-44.373,94.727,15.320
0.640,0.080,-1.536,-28.625,80.872,18.127
0.638,0.072,-1.503,0.366,43.030,17.883
0.606,0.064,-1.320,3.418,26.733,18.433
0.580,0.093,-1.264,-3.723,2.747,17.334
0.542,0.152,-1.152,-3.052,-6.104,15.259
0.542,0.145,-1.047,2.930,-21.240,8.972
0.542,0.137,-0.840,1.282,-26.489,6.104
0.537,0.138,-0.779,-3.418,-29.724,1.587
0.539,0.109,-0.758,-2.686,-28.137,0.610
0.551,0.094,-0.808,4.333,-23.132,-0.366
0.576,0.069,-0.951,6.653,-23.315,-0.793
0.582,0.061,-1.026,8.301,-25.208,-1.099
0.614,0.006,-1.110,9.521,-34.912,-2.441
0.615,-0.011,-1.083,3.479,-46.265,-2.808
0.606,-0.016,-1.021,-7.019,-69.214,-2.625
0.583,0.032,-0.868,-5.249,-73.120,-2.075
0.608,0.059,-0.862,9.033,-62.439,-4.700
0.679,0.059,-0.961,12.085,-58.472,-7.324
0.699,0.073,-1.015,8.545,-60.913,-12.817
0.715,0.102,-1.131,9.949,-65.918,-16.235
0.719,0.071,-1.171,16.541,-86.670,-21.667
0.699,0.035,-1.110,17.700,-98.633,-20.508
0.680,0.061,-1.042,14.893,-116.455,-20.081
0.655,0.153,-0.865,8.850,-123.230,-23.376
0.656,0.205,-0.769,4.944,-125.793,-35.767
0.658,0.257,-0.593,9.705,-122.192,-44.189
0.664,0.245,-0.527,11.963,-110.535,-64.331
0.689,0.192,-0.440,7.507,-104.492,-73.059
0.689,0.184,-0.413,2.014,-98.633,-79.102
0.683,0.197,-0.439,-6.042,-91.553,-87.463
0.683,0.162,-0.462,-2.258,-92.041,-92.346
0.686,0.098,-0.450,14.526,-95.276,-99.365
0.687,0.002,-0.367,18.494,-96.069,-99.182
0.684,-0.014,-0.318,18.555,-93.811,-97.534
0.653,-0.007,-0.227,16.296,-91.492,-97.900
0.629,-0.006,-0.208,12.268,-84.045,-103.943
0.610,-0.062,-0.235,8.850,-82.336,-109.253
0.630,-0.126,-0.272,8.606,-83.435,-116.089
0.685,-0.266,-0.309,12.573,-85.999,-114.014
0.684,-0.294,-0.293,8.850,-100.647,-100.952
0.633,-0.263,-0.166,-0.427,-110.840,-95.398
0.604,-0.236,-0.067,-4.761,-116.760,-92.163
0.579,-0.280,0.074,0.183,-109.680,-94.299
0.590,-0.314,0.081,-6.714,-92.957,-99.060
0.633,-0.318,-0.026,-10.559,-86.304,-99.487
0.653,-0.330,-0.120,1.038,-79.529,-97.473
0.647,-0.420,-0.234,2.136,-86.121,-94.482
0.614,-0.447,-0.159,-18.860,-116.943,-85.327
0.556,-0.432,0.122,-21.851,-125.000,-81.116
0.541,-0.410,0.203,-6.226,-114.868,-77.759
0.529,-0.350,0.158,-1.648,-106.079,-79.468
0.531,-0.347,0.085,1.221,-98.938,-82.703
0.503,-0.425,0.040,5.066,-96.008,-87.280
0.469,-0.461,0.114,-4.883,-103.455,-86.975
0.397,-0.473,0.368,-38.147,-120.056,-82.031
0.356,-0.454,0.473,-49.866,-122.681,-78.613
0.323,-0.446,0.540,-49.072,-112.122,-79.895
0.322,-0.502,0.508,-38.391,-99.731,-84.351
0.329,-0.570,0.442,-28.870,-83.313,-87.402
0.308,-0.745,0.460,-45.898,-88.989,-84.534
0.299,-0.768,0.546,-85.693,-101.013,-71.045
0.349,-0.720,0.539,-82.214,-94.543,-64.636
0.398,-0.707,0.467,-55.969,-76.843,-59.143
0.474,-0.700,0.262,-46.753,-71.167,-59.143
0.501,-0.737,0.139,-37.354,-73.364,-62.622
0.492,-0.908,0.118,-43.457,-86.792,-61.646
0.449,-0.955,0.250,-68.237,-121.460,-46.631
0.365,-0.943,0.507,-73.303,-130.188,-37.476
0.353,-0.906,0.595,-72.937,-134.644,-25.208
0.333,-0.808,0.769,-68.542,-132.996,-22.949
0.308,-0.805,0.880,-52.307,-122.192,-26.733
0.268,-0.909,1.130,-53.589,-115.723,-29.114
0.262,-0.935,1.222,-77.332,-103.882,-27.039
0.310,-0.911,1.311,-79.651,-95.276,-23.987
0.342,-0.919,1.328,-60.059,-74.219,-17.029
0.384,-0.922,1.289,-51.819,-63.171,-13.123
0.398,-0.902,1.213,-44.373,-39.368,-6.775

0.451,-0.881,1.287,1.587,25.513,11.475
0.433,-0.882,1.302,-4.517,37.659,25.208
0.385,-0.824,1.319,-5.798,43.701,32.043
0.359,-0.776,1.335,-9.460,55.908,43.152
0.308,-0.663,1.342,-11.963,64.087,46.570
0.287,-0.620,1.313,-13.733,73.792,48.096
0.278,-0.596,1.269,-14.221,92.529,48.218
0.268,-0.570,1.205,-13.855,99.792,48.950
0.259,-0.566,1.195,-14.771,111.877,51.270
0.246,-0.581,1.200,-15.930,117.554,52.551
0.254,-0.585,1.195,-17.273,128.357,57.556
0.275,-0.547,1.139,-18.982,133.118,61.096
0.283,-0.512,1.095,-22.583,143.250,64.697
0.292,-0.461,1.044,-22.156,149.475,64.392
0.293,-0.463,1.026,-17.151,167.419,63.843
0.297,-0.455,0.948,-18.433,176.392,64.880
0.312,-0.422,0.859,-20.630,184.570,66.528
0.398,-0.373,0.680,-18.555,193.420,69.092
0.447,-0.358,0.639,-18.188,192.200,70.740
0.475,-0.318,0.618,-27.161,182.739,76.294
0.474,-0.211,0.578,-26.978,180.237,77.576
0.465,-0.171,0.548,-16.479,180.847,75.500
0.446,-0.125,0.470,-10.437,180.969,73.242
0.445,-0.130,0.444,-1.770,181.091,72.266
0.424,-0.108,0.397,-2.808,179.749,74.341
0.403,-0.078,0.389,-1.099,182.739,77.454
0.350,-0.030,0.326,4.822,190.369,77.698
0.327,-0.036,0.232,8.667,197.388,76.111
0.317,-0.044,0.112,3.235,189.758,70.862
0.346,-0.042,0.009,2.319,179.016,70.557
0.346,-0.021,0.049,5.249,172.668,75.745
0.292,0.089,0.091,2.075,180.237,75.745
0.264,0.147,0.033,-4.883,210.449,62.988
0.284,0.189,-0.312,-4.700,224.304,53.467
0.344,0.190,-0.562,6.287,221.497,38.818
0.468,0.123,-0.824,13.672,203.979,36.987
0.482,0.135,-0.784,14.954,186.401,39.124
0.474,0.188,-0.715,1.038,174.927,38.086
0.471,0.263,-0.735,-4.883,179.932,30.151
0.499,0.249,-0.828,-8.423,187.622,11.414
0.549,0.195,-0.938,-9.827,185.974,4.883
0.576,0.169,-0.970,-12.756,181.152,-1.831
0.635,0.106,-1.106,-13.611,177.002,-2.930
0.664,0.087,-1.155,-16.418,163.147,-4.456
0.697,0.051,-1.261,-19.958,154.602,-5.920
0.711,0.021,-1.326,-22.156,134.094,-9.521
0.728,0.000,-1.354,-21.423,124.023,-8.240
0.715,0.014,-1.326,-20.630,107.178,-2.441
0.679,0.028,-1.222,-22.766,97.473,-0.427
0.669,0.039,-1.137,-26.184,85.510,0.549
0.648,0.057,-1.053,-23.254,67.505,3.296
0.593,0.079,-1.029,-14.771,63.293,6.714
0.564,0.093,-1.061,-0.122,51.758,12.207
0.512,0.125,-1.038,0.000,43.640,10.620
0.488,0.126,-1.039,-1.404,30.273,3.174
0.480,0.049,-1.144,3.357,23.682,1.526
0.489,0.008,-1.177,12.207,3.540,6.653
0.457,0.021,-1.149,11.047,-7.812,9.277
0.427,0.048,-1.134,8.362,-17.334,9.033
0.446,0.026,-1.191,11.414,-33.386,2.625
0.487,-0.009,-1.190,17.883,-44.128,0.916
0.511,-0.021,-1.131,21.179,-65.979,4.822
0.542,0.040,-1.084,17.334,-70.068,6.897
0.551,0.085,-1.128,15.381,-71.594,4.028
0.581,0.135,-1.259,18.982,-71.716,-1.160
0.604,0.112,-1.302,24.414,-80.872,-13.306
0.644,0.024,-1.284,20.935,-93.262,-17.212
0.655,0.008,-1.220,9.583,-125.610,-16.235
0.636,0.045,-0.965,10.803,-138.123,-13.611
0.623,0.057,-0.818,22.644,-146.301,-12.207
0.624,0.102,-0.586,24.902,-142.822,-14.893
0.642,0.137,-0.546,25.085,-125.488,-28.442
0.689,0.161,-0.527,23.560,-117.249,-38.147
0.710,0.146,-0.553,20.203,-112.000,-46.997
0.735,0.070,-0.607,23.071,-111.877,-56.763
0.739,0.027,-0.566,30.212,-116.150,-57.190
0.745,-0.018,-0.505,37.231,-123.962,-53.101
0.756,-0.062,-0.345,33.264,-125.854,-48.767
0.759,-0.041,-0.290,26.306,-118.103,-40.283
0.749,-0.000,-0.277,24.414,-113.098,-39.673
0.732,0.004,-0.260,9.460,-115.234,-46.692
0.730,0.029,-0.242,5.127,-116.821,-51.208
0.756,-0.016,-0.245,19.287,-117.126,-55.664
0.788,-0.098,-0.135,24.963,-117.798,-52.002
0.787,-0.071,-0.108,33.081,-111.145,-42.114
0.769,-0.025,-0.136,37.354,-106.628,-41.382
0.754,-0.002,-0.129,31.250,-103.333,-46.875
0.731,0.046,-0.138,26.917,-100.220,-52.673
0.737,0.020,-0.189,20.203,-96.924,-65.186
0.745,-0.044,-0.222,16.663,-101.379,-67.322
0.734,-0.027,-0.180,17.944,-106.384,-65.796
0.678,0.042,-0.101,35.522,-108.215,-62.500
0.652,0.039,-0.072,41.016,-107.605,-65.918
0.630,0.013,-0.037,39.185,-106.873,-77.515
0.587,-0.036,0.031,38.757,-103.516,-82.825
0.570,-0.074,0.044,36.743,-95.276,-93.140
0.552,-0.107,0.048,35.156,-93.811,-97.351
0.562,-0.124,0.048,51.514,-88.623,-103.821
0.565,-0.181,0.020,64.209,-83.435,-106.140
0.538,-0.225,0.011,47.180,-85.022,-111.572
0.447,-0.250,0.097,13.855,-97.412,-113.220
0.400,-0.232,0.174,-25.879,-124.207,-109.619
0.277,-0.193,0.371,-21.790,-132.812,-106.506
0.240,-0.260,0.506,12.390,-128.540,-108.459
0.252,-0.476,0.584,23.621,-116.089,-109.558
0.287,-0.533,0.508,21.179,-104.858,-108.521
0.376,-0.600,0.384,-12.085,-104.858,-102.051
0.418,-0.619,0.380,-26.855,-112.183,-95.093
0.436,-0.626,0.403,-37.109,-125.305,-76.599
0.449,-0.608,0.416,-39.063,-126.770,-70.068
0.462,-0.614,0.380,-35.156,-123.474,-62.866
0.455,-0.599,0.345,-30.090,-123.413,-59.204
0.427,-0.585,0.388,-32.837,-133.484,-53.223
0.361,-0.620,0.608,-45.532,-143.005,-52.124
0.348,-0.650,0.746,-71.838,-154.541,-49.561
0.341,-0.647,0.924,-71.899,-150.024,-47.424
0.333,-0.656,0.941,-49.683,-127.319,-45.898
0.314,-0.691,0.886,-43.640,-118.347,-46.021
0.314,-0.704,0.873,-44.067,-111.938,-47.424

0.602,-0.034,-1.994,6.653,131.714,-29.297
0.651,-0.113,-1.953,-29.480,78.186,-27.527
0.708,-0.258,-1.627,-44.189,51.514,-19.531
0.687,-0.286,-1.365,-43.213,16.479,12.268
0.582,-0.183,-0.907,-36.377,10.315,28.259
0.528,-0.079,-0.762,-30.212,11.597,42.236
0.475,0.100,-0.658,-25.330,16.968,41.870
0.459,0.157,-0.680,-12.024,31.494,36.560
0.449,0.232,-0.877,-8.850,35.461,31.067
0.473,0.215,-0.953,-4.883,34.058,23.621
0.511,0.140,-0.978,2.380,22.095,12.024
0.522,0.115,-0.983,0.610,16.846,8.972
0.522,0.092,-0.985,-3.784,11.169,5.615
0.506,0.048,-0.959,-5.859,9.644,4.517
0.503,0.040,-0.986,-8.362,6.287,3.601
0.531,0.025,-1.107,-4.944,0.610,4.333
0.535,0.037,-1.143,9.399,-15.625,8.484
0.543,0.056,-1.183,16.541,-22.156,9.399
0.557,0.049,-1.179,16.113,-36.438,5.676
0.575,0.049,-1.104,9.644,-45.471,2.319
0.577,0.040,-1.065,3.540,-59.509,-2.930
0.581,-0.001,-0.932,5.005,-63.599,-3.540
0.569,0.001,-0.833,6.897,-65.796,-3.784
0.559,0.064,-0.803,8.301,-58.350,-7.629
0.584,0.088,-0.907,12.146,-48.096,-12.939
0.621,0.085,-1.017,21.057,-36.621,-27.710
0.670,0.035,-1.127,17.212,-42.175,-33.508
0.687,-0.007,-1.142,9.399,-67.261,-31.860
0.697,-0.023,-1.114,13.794,-80.444,-23.743
0.688,0.012,-1.063,28.137,-97.961,-9.216
0.654,0.135,-0.969,25.452,-103.027,-7.385
0.630,0.198,-0.933,12.939,-109.741,-15.564
0.602,0.262,-0.813,14.221,-107.910,-23.132
0.603,0.258,-0.786,19.104,-97.229,-42.053
0.635,0.172,-0.800,15.503,-96.924,-50.598
0.659,0.115,-0.804,5.554,-113.525,-54.993
0.684,0.050,-0.682,3.845,-123.779,-51.025
0.687,0.042,-0.599,6.531,-129.822,-45.349
0.662,0.098,-0.470,10.010,-132.690,-37.170
0.645,0.142,-0.416,8.484,-130.554,-38.513
0.642,0.149,-0.370,14.648,-113.892,-52.551
0.674,0.085,-0.376,16.907,-102.844,-60.974
0.703,0.032,-0.464,9.277,-95.398,-74.707
0.767,-0.113,-0.580,4.456,-105.286,-74.524
0.765,-0.158,-0.537,8.789,-132.996,-54.260
0.679,-0.082,-0.312,13.916,-141.479,-43.091
0.635,0.004,-0.205,13.123,-141.357,-41.321
0.617,0.083,-0.122,11.414,-134.644,-48.096
0.617,0.083,-0.106,9.399,-121.521,-61.401
0.584,0.084,-0.082,6.531,-117.798,-67.322
0.575,0.069,-0.085,5.981,-112.854,-80.383
0.597,-0.025,-0.166,9.338,-110.413,-85.022
0.602,-0.100,-0.203,12.756,-114.319,-86.243
0.554,-0.171,-0.112,7.202,-121.399,-83.679
0.526,-0.170,-0.049,0.854,-127.625,-81.482
0.508,-0.148,0.087,-4.150,-133.301,-80.383
0.513,-0.124,0.119,-3.540,-131.287,-80.688
0.528,-0.118,0.093,4.700,-118.530,-87.524
0.564,-0.170,-0.023,7.446,-114.319,-92.102
0.558,-0.206,-0.041,4.639,-118.469,-96.252
0.536,-0.286,0.014,4.028,-122.009,-97.412
0.524,-0.327,0.016,7.751,-126.892,-96.924
0.510,-0.404,0.079,11.292,-128.418,-96.069
0.499,-0.435,0.127,5.981,-130.005,-94.849
0.453,-0.432,0.159,-0.916,-131.042,-94.727
0.438,-0.453,0.180,-1.343,-132.019,-96.558
0.446,-0.497,0.214,3.540,-130.310,-97.595
0.460,-0.533,0.188,15.259,-127.258,-100.647
0.468,-0.651,0.261,16.907,-129.639,-99.976
0.434,-0.674,0.331,14.526,-132.385,-97.107
0.321,-0.679,0.508,-1.221,-140.808,-90.820
0.275,-0.655,0.635,-8.667,-145.142,-87.341
0.254,-0.631,0.761,-1.099,-132.935,-85.022
0.263,-0.607,0.788,7.141,-114.197,-87.585
0.255,-0.620,0.648,8.118,-83.435,-95.703
0.199,-0.688,0.517,-3.174,-88.867,-97.046
0.177,-0.735,0.665,-23.987,-118.958,-87.280
0.140,-0.687,1.079,-28.442,-123.474,-78.552
0.138,-0.641,1.150,-22.949,-100.769,-75.562
0.167,-0.714,1.045,-14.465,-85.083,-80.750
0.186,-0.818,0.991,0.000,-67.017,-87.891
0.210,-1.055,1.033,-1.892,-64.270,-85.388
0.223,-1.125,1.070,-23.621,-58.044,-70.679
0.291,-1.140,0.994,-33.447,-53.406,-61.768
0.315,-1.101,0.945,-41.870,-50.415,-44.556
0.309,-1.024,0.912,-40.771,-50.537,-38.330
0.297,-1.015,0.917,-38.391,-50.476,-33.813
0.268,-1.006,0.868,-35.034,-45.593,-26.917
0.279,-1.011,0.794,-34.668,-42.053,-24.658
0.300,-1.010,0.722,-38.818,-42.236,-18.677
0.314,-0.952,0.722,-39.185,-45.349,-14.771
0.302,-0.926,0.766,-31.799,-47.546,-10.376
0.256,-0.949,0.854,-28.931,-47.363,-9.277
0.230,-0.956,0.905,-31.311,-45.654,-3.662
0.211,-0.912,0.971,-33.813,-42.542,0.183
0.218,-0.872,0.998,-37.109,-33.447,7.080
0.232,-0.805,1.023,-38.269,-26.489,8.545
0.219,-0.771,0.980,-39.429,-12.146,6.287
0.222,-0.742,0.875,-32.837,-7.935,1.709
0.251,-0.788,0.858,-15.686,-6.042,-2.625
0.275,-0.837,0.864,-15.320,-7.507,0.000
0.276,-0.825,0.867,-18.494,-9.277,3.479
0.268,-0.792,0.881,-23.071,-11.169,9.888
0.255,-0.762,0.898,-25.085,-10.986,12.817
0.246,-0.727,0.905,-27.588,-6.470,15.381
0.252,-0.664,0.857,-26.611,-2.930,15.564
0.251,-0.630,0.830,-21.118,2.502,14.771
0.245,-0.580,0.793,-16.357,4.761,12.146
0.250,-0.584,0.763,-6.775,7.507,6.897
0.235,-0.589,0.706,-4.211,6.165,5.859
0.229,-0.593,0.709,-0.732,-0.305,4.822
0.216,-0.594,0.761,0.732,-3.113,5.005
0.206,-0.575,0.787,-0.916,-4.761,4.944
0.195,-0.551,0.787,-2.441,-4.089,3.357
0.198,-0.561,0.777,0.488,-1.953,0.854
0.199,-0.588,0.789,4.578,-0.977,1.221
0.196,-0.599,0.805,7.507,0.122,1.709
0.194,-0.600,0.812,-1.953,-0.610,-0.366
0.213,-0.606,0.798,-7.751,-1.343,-1.831

0.356,-1.189,1.265,-13.916,1.221,19.470
0.352,-1.244,1.329,-16.174,10.498,35.156
0.346,-1.292,1.416,-20.508,16.724,43.762
0.340,-1.292,1.444,-30.273,28.687,59.143
0.316,-1.318,1.535,-31.128,34.302,65.613
0.301,-1.327,1.597,-28.992,46.936,80.017
0.218,-1.279,1.701,-25.330,56.396,88.257
0.152,-1.232,1.721,-19.470,69.153,96.497
0.082,-1.161,1.710,-12.451,100.891,112.671
-0.044,-0.939,1.569,-14.587,116.150,118.835
-0.096,-0.850,1.490,-26.428,134.033,122.375
-0.162,-0.777,1.470,-29.846,139.954,123.230
-0.200,-0.741,1.479,-28.687,160.278,130.127
-0.322,-0.602,1.433,-30.396,172.424,132.874
-0.360,-0.527,1.411,-35.156,196.960,130.066
-0.398,-0.433,1.333,-34.302,213.623,126.221
-0.431,-0.395,1.248,-34.180,248.108,120.361
-0.494,-0.311,1.046,-34.058,261.963,118.896
-0.502,-0.252,0.942,-28.198,284.668,117.310
-0.503,-0.132,0.688,-24.780,293.091,116.028
-0.495,-0.064,0.562,-23.621,297.546,114.075
-0.457,0.073,0.342,-17.639,300.110,108.643
-0.435,0.135,0.258,-9.094,301.880,105.530
-0.410,0.193,0.188,1.709,304.626,96.802
-0.350,0.312,0.052,-1.160,303.894,90.515
-0.302,0.347,-0.048,-2.319,301.758,75.867
-0.177,0.445,-0.330,0.244,300.110,70.679
-0.119,0.521,-0.506,6.775,295.959,58.289
0.025,0.600,-0.846,8.301,288.025,48.401
0.107,0.571,-0.976,11.658,257.141,29.785
0.222,0.456,-1.015,8.789,234.131,26.184
0.249,0.457,-0.931,2.686,211.792,26.184
0.261,0.473,-0.853,-0.610,186.523,24.780
0.290,0.441,-0.801,-2.502,181.213,20.386
0.301,0.431,-0.801,-12.024,174.438,5.493
0.341,0.328,-0.855,-12.085,173.767,-3.906
0.381,0.217,-0.905,-9.583,170.410,-16.968
0.463,0.008,-1.031,-9.827,165.771,-18.372
0.507,-0.074,-1.105,-9.521,151.978,-11.353
0.582,-0.181,-1.241,-7.141,143.982,-4.272
0.600,-0.209,-1.279,0.305,131.592,10.010
0.618,-0.220,-1.356,1.465,129.883,14.648
0.629,-0.226,-1.448,-1.404,130.066,17.456
0.706,-0.259,-1.709,-18.005,121.948,22.339
0.752,-0.286,-1.770,-27.527,109.009,27.222
0.765,-0.286,-1.773,-48.950,71.289,48.645
0.681,-0.026,-1.831,-51.331,51.331,60.730
0.638,0.127,-1.796,-17.029,8.972,61.096
0.595,0.245,-1.405,-2.625,-10.986,51.025
0.587,0.270,-1.175,-8.484,-33.936,26.917
0.598,0.299,-0.909,-13.794,-36.682,15.869
0.606,0.272,-0.857,-6.653,-36.743,-1.709
0.621,0.201,-0.865,3.418,-33.508,-8.362
0.640,0.131,-0.935,16.968,-25.696,-20.874
0.684,-0.035,-1.150,13.977,-28.015,-24.780
0.699,-0.094,-1.230,5.981,-44.739,-24.902
0.700,-0.131,-1.233,2.808,-54.993,-23.376
0.690,-0.112,-1.206,-0.122,-63.171,-21.973
0.675,-0.036,-1.151,-0.793,-71.106,-21.484
0.664,0.014,-1.108,-1.404,-73.120,-23.376
0.652,0.054,-1.060,-6.287,-76.599,-34.851
0.645,0.082,-0.969,-8.362,-78.430,-42.358
0.662,0.066,-0.957,-3.967,-85.876,-50.964
0.705,-0.003,-0.923,3.113,-94.238,-49.927
0.712,-0.050,-0.847,19.043,-112.061,-40.771
0.688,-0.113,-0.625,18.311,-117.920,-35.828
0.673,-0.088,-0.551,7.812,-115.479,-33.081
0.692,-0.047,-0.537,8.057,-108.704,-36.316
0.710,-0.048,-0.564,16.724,-96.863,-43.213
0.729,-0.102,-0.587,22.095,-94.666,-44.861
0.724,-0.134,-0.561,23.987,-101.746,-40.222
0.692,-0.127,-0.475,22.705,-108.826,-35.278
0.670,-0.102,-0.406,30.396,-120.422,-27.039
0.615,-0.026,-0.243,34.729,-121.826,-25.452
0.594,0.022,-0.206,30.823,-114.258,-31.067
0.595,0.064,-0.223,26.245,-109.924,-36.621
0.599,0.071,-0.200,21.851,-105.041,-45.654
0.592,0.052,-0.140,23.132,-101.257,-50.232
0.585,0.012,-0.120,21.179,-98.633,-55.298
0.578,-0.029,-0.102,1.526,-101.257,-62.195
0.576,-0.064,-0.055,-3.967,-102.600,-62.439
0.579,-0.045,-0.052,4.578,-97.290,-61.096
0.605,-0.023,-0.087,9.949,-93.323,-62.927
0.623,-0.019,-0.102,22.827,-83.313,-70.068
0.649,-0.080,-0.181,29.785,-77.759,-74.829
0.661,-0.147,-0.224,18.188,-79.224,-81.787
0.663,-0.196,-0.261,3.479,-86.365,-81.604
0.661,-0.195,-0.226,-10.193,-101.257,-78.857
0.671,-0.218,-0.143,-5.188,-102.966,-78.003
0.671,-0.238,-0.136,-0.916,-104.065,-78.735
0.689,-0.312,-0.091,-2.075,-106.506,-80.07831
0.700,-0.353,-0.050,5.066,-106.262,-79.895
0.703,-0.406,-0.001,6.287,-104.736,-79.468
0.703,-0.427,0.018,-1.709,-105.041,-79.590
0.690,-0.447,0.079,-3.296,-104.980,-79.102
0.681,-0.449,0.105,-3.174,-101.440,-79.407
0.670,-0.512,0.167,-8.972,-100.769,-80.994
0.662,-0.547,0.216,-25.635,-102.905,-81.848
0.657,-0.599,0.250,-24.170,-102.356,-81.299
0.663,-0.620,0.231,-17.944,-100.586,-80.261
0.644,-0.633,0.212,-12.878,-102.905,-74.402
0.609,-0.599,0.257,-16.968,-109.802,-70.007
0.571,-0.570,0.314,-19.348,-121.643,-63.843
0.489,-0.594,0.524,-24.902,-127.563,-61.157
0.451,-0.555,0.641,-41.870,-128.723,-55.176
0.415,-0.441,0.709,-36.377,-120.422,-55.908
0.414,-0.435,0.696,-8.972,-101.135,-64.331
0.427,-0.537,0.626,1.343,-92.712,-69.458
0.434,-0.615,0.554,11.414,-82.092,-74.219
0.416,-0.748,0.504,8.484,-83.923,-71.533
0.386,-0.760,0.589,-24.841,-98.633,-59.692
0.325,-0.728,0.781,-41.504,-101.562,-55.542
0.315,-0.752,0.823,-46.814,-93.994,-52.063
0.323,-0.783,0.879,-41.138,-86.853,-49.133
0.327,-0.744,0.867,-34.180,-77.637,-45.532
0.314,-0.647,0.836,-30.212,-62.683,-42.908
0.313,-0.612,0.842,-34.851,-59.021,-45.166
0.326,-0.627,0.822,-32.593,-47.424,-55.359
0.380,-0.827,0.723,-24.719,-41.138,-58.960
